,name
0,Aaron
1,Abbey
2,Abbie
3,Abby
4,Abdul
5,Abe
6,Abel
9,Abram
10,Ada
11,Adah
14,Adam
15,Adan
16,Addie
17,Adela
20,Adele
24,Adell
27,Adena
28,Adina
31,Adria
40,Afton
42,Agnes
43,Agnus
48,Ahmad
49,Ahmed
50,Ai
51,Aida
52,Aide
53,Aiko
56,Aimee
57,Aisha
58,Aja
59,Akiko
61,Al
64,Alan
65,Alana
66,Alane
69,Alba
77,Alda
78,Alden
79,Aldo
81,Alec
83,Aleen
89,Alena
90,Alene
95,Aleta
99,Alex
100,Alexa
112,Ali
113,Alia
114,Alica
115,Alice
117,Alida
118,Alina
119,Aline
120,Alisa
121,Alise
127,Alita
128,Alix
129,Aliza
130,Alla
131,Allan
134,Allen
137,Allie
140,Allyn
142,Alma
145,Alona
148,Alpha
151,Alta
153,Altha
155,Alton
156,Alva
160,Alvin
162,Alyce
164,Alysa
165,Alyse
170,Amada
171,Amado
172,Amal
175,Amber
178,Amee
181,Ami
182,Amie
183,Amiee
184,Amina
185,Amira
186,Ammie
187,Amos
189,Amy
190,An
191,Ana
199,Andra
200,Andre
207,Andy
209,Angel
225,Angie
227,Angla
228,Angle
230,Anh
232,Anika
233,Anisa
236,Anita
238,Anja
241,Ann
242,Anna
251,Anne
259,Annie
261,Annis
269,Anton
279,Anya
281,April
282,Apryl
283,Ara
294,Arden
295,Ardis
304,Arica
305,Arie
306,Ariel
308,Arla
311,Arlen
317,Arlie
333,Aron
334,Arron
335,Art
337,Artie
340,Asa
341,Asha
348,Ashli
350,Ashly
353,Asia
354,Asley
360,Audie
361,Audra
366,Audry
373,Aura
374,Aurea
381,Ava
383,Avery
384,Avis
385,Avril
387,Ayako
388,Ayana
393,Azzie
397,Bambi
398,Bao
400,Barb
406,Bari
410,Barry
411,Bart
413,Basil
415,Bea
416,Beata
420,Beau
422,Bebe
423,Becki
425,Becky
426,Bee
427,Belen
428,Belia
431,Bell
432,Bella
433,Belle
434,Belva
435,Ben
442,Benny
445,Berna
459,Berry
460,Bert
461,Berta
465,Beryl
466,Bess
468,Beth
474,Betsy
475,Bette
478,Betty
481,Beula
483,Bev
488,Bibi
489,Bill
490,Billi
492,Billy
497,Blair
498,Blake
505,Bo
506,Bob
507,Bobbi
509,Bobby
512,Bok
513,Bong
516,Bonny
518,Boris
519,Boyce
520,Boyd
521,Brad
525,Brady
526,Brain
535,Brant
540,Bree
545,Brent
547,Bret
548,Brett
549,Brian
553,Brice
565,Britt
575,Brock
578,Brook
581,Bruce
582,Bruna
584,Bruno
585,Bryan
588,Bryce
589,Brynn
590,Bryon
591,Buck
592,Bud
593,Buddy
594,Buena
595,Buffy
597,Bula
598,Bulah
599,Bunny
600,Burl
601,Burma
602,Burt
605,Byron
609,Caleb
616,Cami
617,Camie
622,Cammy
626,Candi
632,Candy
635,Cara
636,Caren
637,Carey
638,Cari
640,Carie
641,Carin
646,Carl
647,Carla
654,Carli
658,Carlo
663,Carly
665,Carma
678,Carol
690,Caron
692,Carri
696,Carry
699,Cary
700,Caryl
702,Caryn
704,Casey
705,Casie
710,Cassi
714,Cassy
725,Cathi
730,Cathy
734,Cayla
736,Cecil
749,Celia
753,Celsa
754,Ceola
755,Cesar
756,Chad
758,Chae
759,Chan
760,Chana
767,Chang
774,Chara
798,Chas
799,Chase
804,Chau
806,Chaya
810,Cher
811,Chere
814,Cheri
825,Chery
830,Chet
832,Chi
833,Chia
835,Chin
836,China
837,Ching
839,Chloe
840,Chong
841,Chris
864,Chu
865,Chuck
866,Chun
867,Chung
868,Ciara
870,Ciera
872,Cinda
874,Cindi
876,Cindy
878,Cira
879,Clair
881,Clara
882,Clare
894,Clark
896,Claud
903,Clay
912,Cleo
916,Cleta
919,Cliff
922,Clint
924,Clora
927,Clyde
928,Codi
929,Cody
930,Colby
931,Cole
937,Colin
956,Cora
957,Coral
968,Corey
969,Cori
970,Corie
986,Cory
988,Coy
989,Craig
991,Cris
1005,Cruz
1009,Cuc
1010,Curt
1012,Cyndi
1013,Cyndy
1015,Cyril
1017,Cyrus
1019,Dacia
1021,Dagny
1023,Daina
1024,Daine
1026,Daisy
1028,Dale
1030,Dalia
1038,Damon
1039,Dan
1040,Dana
1041,Danae
1042,Dane
1045,Dani
1046,Dania
1059,Dann
1060,Danna
1064,Danny
1065,Dante
1072,Dara
1073,Darby
1076,Darci
1078,Darcy
1080,Daren
1081,Daria
1082,Darin
1083,Dario
1085,Darla
1091,Daron
1100,Daryl
1101,Dave
1102,David
1105,Davis
1106,Dawn
1107,Dawna
1108,Dawne
1109,Dayle
1110,Dayna
1111,Daysi
1113,Dean
1114,Deana
1118,Deane
1120,Deann
1123,Deb
1124,Debbi
1127,Debby
1129,Debi
1132,Debra
1135,Dede
1136,Dedra
1137,Dee
1142,Deena
1147,Deja
1148,Del
1155,Delia
1161,Dell
1162,Della
1163,Delma
1166,Delmy
1178,Delta
1184,Dena
1185,Denae
1189,Denis
1194,Denna
1197,Denny
1200,Deon
1202,Derek
1213,Detra
1214,Devin
1215,Devon
1220,Dewey
1223,Dia
1225,Dian
1226,Diana
1227,Diane
1228,Diann
1231,Dick
1234,Diego
1236,Digna
1239,Dina
1240,Dinah
1241,Dino
1243,Dion
1244,Dione
1247,Dirk
1249,Dixie
1250,Dodie
1252,Dolly
1266,Don
1267,Dona
1272,Dong
1274,Donn
1275,Donna
1280,Donny
1282,Donte
1283,Donya
1284,Dora
1293,Dori
1294,Doria
1296,Dorie
1299,Doris
1300,Dorla
1310,Dot
1312,Dotty
1313,Doug
1316,Dovie
1317,Doyle
1319,Drema
1320,Drew
1323,Duane
1325,Dulce
1328,Dung
1329,Dusti
1331,Dusty
1332,Dwain
1333,Dwana
1336,Dyan
1337,Dylan
1338,Earl
1339,Earle
1349,Eboni
1351,Ebony
1352,Echo
1353,Ed
1354,Eda
1355,Edda
1356,Eddie
1357,Eddy
1359,Eden
1360,Edgar
1362,Edie
1364,Edith
1368,Edna
1369,Edra
1370,Edris
1374,Edwin
1376,Edyth
1378,Effie
1380,Efren
1381,Ehtel
1384,Ela
1388,Elana
1389,Elane
1392,Elba
1394,Elda
1395,Elden
1396,Eldon
1403,Elena
1404,Elene
1405,Eleni
1415,Eli
1416,Elia
1418,Elias
1420,Elida
1423,Elin
1424,Elina
1427,Elisa
1429,Elise
1433,Eliz
1434,Eliza
1439,Elke
1440,Ella
1442,Ellan
1443,Ellen
1445,Elli
1446,Ellie
1449,Ellis
1451,Elly
1452,Ellyn
1453,Elma
1454,Elmer
1456,Elmo
1457,Elna
1460,Elois
1464,Eloy
1465,Elroy
1466,Elsa
1467,Else
1468,Elsie
1469,Elsy
1470,Elton
1471,Elva
1473,Elvia
1474,Elvie
1475,Elvin
1478,Elvis
1481,Elyse
1482,Elza
1483,Ema
1489,Emely
1493,Emery
1494,Emiko
1495,Emil
1496,Emile
1501,Emily
1502,Emma
1506,Emmie
1508,Emmy
1510,Emory
1511,Ena
1512,Enda
1515,Enid
1516,Enoch
1517,Enola
1521,Era
1523,Eric
1524,Erica
1525,Erich
1526,Erick
1528,Erik
1529,Erika
1530,Erin
1531,Erinn
1535,Erma
1538,Erna
1543,Ernie
1544,Errol
1545,Ervin
1546,Erwin
1547,Eryn
1550,Essie
1551,Esta
1558,Ester
1561,Etha
1562,Ethan
1563,Ethel
1566,Ethyl
1568,Etta
1569,Ettie
1576,Eula
1577,Eulah
1579,Eun
1580,Euna
1582,Eura
1586,Eva
1588,Evan
1591,Eve
1602,Evia
1603,Evie
1604,Evita
1605,Evon
1607,Ewa
1608,Exie
1611,Ezra
1614,Fae
1615,Fairy
1616,Faith
1619,Fanny
1620,Farah
1628,Fawn
1629,Fay
1630,Faye
1631,Fe
1644,Felix
1649,Fern
1653,Ferne
1654,Fidel
1659,Fiona
1661,Fleta
1663,Flo
1664,Flor
1665,Flora
1680,Floy
1681,Floyd
1682,Fonda
1686,Fran
1700,Frank
1705,Fred
1706,Freda
1721,Frida
1723,Fritz
1730,Gail
1731,Gala
1732,Gale
1733,Galen
1741,Garry
1742,Garth
1743,Gary
1745,Gavin
1746,Gay
1747,Gaye
1748,Gayla
1749,Gayle
1755,Gema
1756,Gemma
1757,Gena
1759,Gene
1765,Genia
1766,Genie
1767,Genna
1769,Genny
1793,Gerda
1794,Geri
1797,Gerri
1798,Gerry
1806,Gia
1809,Gigi
1810,Gil
1814,Gilda
1816,Gilma
1817,Gina
1820,Ginny
1821,Gino
1827,Gita
1831,Glady
1834,Glen
1837,Glenn
1843,Glory
1846,Golda
1851,Grace
1855,Grady
1857,Graig
1858,Grant
1862,Greg
1863,Gregg
1867,Greta
1878,Gus
1881,Guy
1882,Gwen
1885,Gwenn
1886,Gwyn
1888,Ha
1889,Hae
1890,Hai
1892,Hal
1893,Haley
1897,Han
1898,Hana
1899,Hang
1900,Hanh
1901,Hank
1902,Hanna
1905,Hans
1916,Harry
1925,Hazel
1926,Heath
1930,Hedy
1931,Hee
1932,Heide
1933,Heidi
1934,Heidy
1935,Heike
1937,Helen
1940,Helga
1944,Henry
1945,Herb
1949,Herma
1958,Herta
1962,Hiedi
1963,Hien
1967,Hilda
1968,Hilde
1973,Hilma
1976,Hiram
1979,Hoa
1982,Holli
1985,Holly
1986,Homer
1987,Honey
1988,Hong
1989,Hope
1995,Hosea
1998,Hoyt
1999,Hsiu
2001,Hue
2002,Huey
2003,Hugh
2004,Hugo
2005,Hui
2006,Hulda
2008,Hung
2010,Huong
2011,Hwa
2013,Hye
2014,Hyman
2015,Hyo
2016,Hyon
2017,Hyun
2018,Ian
2019,Ida
2021,Idell
2023,Iesha
2026,Ike
2027,Ila
2028,Ilana
2029,Ilda
2031,Ileen
2032,Ilene
2034,Illa
2035,Ilona
2036,Ilse
2038,Ima
2041,In
2042,Ina
2043,India
2045,Inell
2046,Ines
2047,Inez
2048,Inga
2049,Inge
2051,Inger
2054,Iola
2055,Iona
2056,Ione
2057,Ira
2059,Irena
2060,Irene
2061,Irina
2062,Iris
2063,Irish
2064,Irma
2066,Irvin
2068,Irwin
2069,Isa
2070,Isaac
2079,Isela
2080,Isiah
2083,Isis
2088,Issac
2089,Iva
2090,Ivan
2091,Ivana
2094,Ivey
2096,Ivory
2097,Ivy
2099,Izola
2100,Ja
2106,Jack
2109,Jacki
2115,Jacob
2130,Jada
2131,Jade
2133,Jae
2134,Jaime
2137,Jake
2140,Jama
2142,Jamal
2143,Jamar
2144,Jame
2145,Jamee
2146,Jamel
2147,James
2148,Jamey
2149,Jami
2150,Jamie
2155,Jan
2156,Jana
2157,Janae
2158,Janay
2159,Jane
2161,Janee
2163,Janel
2169,Janet
2174,Janey
2175,Jani
2177,Janie
2181,Janis
2184,Jann
2185,Janna
2193,Jared
2194,Jarod
2201,Jason
2205,Jay
2206,Jaye
2207,Jayme
2209,Jayna
2210,Jayne
2214,Jc
2215,Jean
2216,Jeana
2217,Jeane
2233,Jed
2234,Jeff
2241,Jen
2242,Jena
2243,Jenae
2244,Jene
2245,Jenee
2250,Jeni
2256,Jenna
2260,Jenni
2265,Jenny
2269,Jere
2272,Jeri
2281,Jerri
2286,Jerry
2289,Jess
2290,Jesse
2292,Jessi
2298,Jesus
2301,Jetta
2303,Jewel
2305,Ji
2306,Jill
2308,Jim
2310,Jimmy
2311,Jin
2312,Jina
2313,Jinny
2314,Jo
2315,Joan
2316,Joana
2317,Joane
2319,Joann
2326,Jodee
2327,Jodi
2328,Jodie
2329,Jody
2330,Joe
2332,Joel
2339,Joey
2343,John
2344,Johna
2355,Joi
2356,Joie
2360,Jolie
2362,Jolyn
2364,Jon
2365,Jona
2366,Jonah
2367,Jonas
2370,Jone
2373,Jong
2374,Joni
2375,Jonie
2376,Jonna
2380,Jorge
2381,Jose
2382,Josef
2391,Josh
2394,Josie
2398,Josue
2399,Jovan
2401,Joy
2402,Joya
2403,Joyce
2405,Joye
2406,Juan
2407,Juana
2409,Jude
2410,Judi
2411,Judie
2414,Judy
2415,Jule
2416,Julee
2418,Jules
2419,Juli
2420,Julia
2427,Julie
2434,Julio
2437,June
2438,Jung
2439,Junie
2442,Junko
2443,Justa
2447,Jutta
2448,Ka
2449,Kacey
2450,Kaci
2451,Kacie
2452,Kacy
2453,Kai
2454,Kaila
2457,Kala
2459,Kaley
2460,Kali
2462,Kalyn
2463,Kam
2465,Kami
2468,Kandi
2472,Kandy
2475,Kara
2476,Karan
2479,Karen
2481,Karey
2482,Kari
2483,Karie
2485,Karin
2490,Karl
2491,Karla
2494,Karly
2496,Karma
2498,Karol
2502,Karon
2504,Karri
2506,Karry
2507,Kary
2508,Karyl
2509,Karyn
2511,Kasey
2512,Kasha
2513,Kasi
2514,Kasie
2517,Kate
2526,Kathe
2534,Kathi
2544,Kathy
2546,Kati
2547,Katia
2548,Katie
2554,Katy
2555,Kay
2556,Kayce
2558,Kaye
2559,Kayla
2565,Kecia
2567,Keely
2568,Keena
2571,Keiko
2572,Keila
2573,Keira
2575,Keith
2577,Keli
2578,Kelle
2581,Kelli
2583,Kelly
2586,Kelsi
2590,Ken
2591,Kena
2592,Kenda
2598,Kenia
2600,Kenna
2603,Kenny
2604,Kent
2606,Kenya
2609,Kera
2610,Keren
2611,Keri
2613,Kerri
2615,Kerry
2617,Kesha
2620,Keva
2621,Keven
2622,Kevin
2625,Kia
2626,Kiana
2627,Kiara
2628,Kiera
2631,Kieth
2632,Kiley
2633,Kim
2643,Kimi
2645,Kina
2647,King
2648,Kip
2649,Kira
2650,Kirby
2651,Kirk
2655,Kisha
2656,Kit
2658,Kitty
2661,Kizzy
2662,Klara
2663,Korey
2664,Kori
2666,Kory
2668,Kraig
2669,Kris
2696,Kum
2697,Kurt
2699,Kyla
2700,Kyle
2701,Kylee
2702,Kylie
2703,Kym
2705,Kyoko
2706,Kyong
2707,Kyra
2708,Kyung
2709,Lacey
2711,Laci
2712,Lacie
2714,Lacy
2717,Lady
2718,Lael
2720,Lai
2721,Laila
2722,Laine
2730,Lakia
2734,Lala
2735,Lamar
2738,Lan
2739,Lana
2740,Lance
2742,Lane
2746,Lang
2747,Lani
2748,Lanie
2751,Lanny
2755,Lara
2756,Larae
2758,Laree
2765,Larry
2766,Larue
2786,Latia
2800,Launa
2801,Laura
2804,Laure
2813,Lauri
2830,Lavon
2842,Layla
2843,Layne
2845,Le
2846,Lea
2847,Leah
2848,Lean
2849,Leana
2852,Leann
2858,Lecia
2859,Leda
2860,Lee
2864,Leena
2865,Leesa
2866,Leia
2867,Leida
2868,Leif
2869,Leigh
2872,Leila
2874,Leisa
2877,Lela
2878,Lelah
2880,Lelia
2882,Len
2883,Lena
2886,Lenna
2888,Lenny
2891,Leo
2892,Leola
2893,Leoma
2894,Leon
2895,Leona
2899,Leone
2910,Leora
2911,Leota
2912,Lera
2913,Leroy
2914,Les
2915,Lesa
2916,Lesha
2917,Lesia
2920,Lesli
2924,Leta
2925,Letha
2930,Letty
2931,Levi
2932,Lewis
2933,Lexie
2935,Li
2936,Lia
2937,Liana
2938,Liane
2941,Libby
2944,Lida
2945,Lidia
2946,Lien
2948,Ligia
2949,Lila
2950,Lili
2951,Lilia
2954,Lilla
2955,Lilli
2961,Lilly
2962,Lily
2963,Lin
2964,Lina
2966,Linda
2970,Lindy
2972,Ling
2973,Linh
2974,Linn
2977,Lino
2981,Lisa
2985,Lise
2987,Lisha
2988,Lissa
2990,Lita
2991,Livia
2992,Liz
2993,Liza
3000,Lloyd
3001,Loan
3002,Logan
3003,Loida
3004,Lois
3005,Loise
3006,Lola
3008,Loma
3009,Lon
3010,Lona
3011,Londa
3012,Long
3013,Loni
3014,Lonna
3016,Lonny
3017,Lora
3020,Lore
3022,Loree
3025,Loren
3033,Lori
3034,Loria
3036,Lorie
3041,Loris
3043,Lorna
3046,Lorri
3050,Lory
3052,Lou
3057,Louie
3058,Louis
3061,Loura
3065,Love
3068,Lovie
3070,Loyce
3071,Loyd
3072,Lu
3073,Luana
3074,Luann
3077,Luba
3078,Lucas
3079,Luci
3080,Lucia
3083,Lucie
3092,Lucio
3096,Lucy
3097,Ludie
3099,Lue
3102,Luigi
3103,Luis
3104,Luisa
3105,Luise
3106,Luke
3107,Lula
3108,Lulu
3109,Luna
3110,Lupe
3112,Lura
3117,Luz
3118,Lyda
3119,Lydia
3120,Lyla
3121,Lyle
3122,Lyman
3123,Lyn
3124,Lynda
3133,Lynn
3134,Lynna
3135,Lynne
3139,Ma
3140,Mabel
3142,Mable
3143,Mac
3145,Macie
3146,Mack
3148,Macy
3158,Madge
3159,Madie
3163,Mae
3168,Magan
3170,Magda
3174,Magen
3178,Mai
3179,Maia
3180,Maida
3181,Maile
3182,Maira
3183,Maire
3186,Major
3192,Malia
3193,Malik
3198,Malka
3203,Mamie
3205,Man
3206,Mana
3207,Manda
3208,Mandi
3210,Mandy
3211,Manie
3215,Many
3216,Mao
3217,Maple
3218,Mara
3222,Marc
3236,Marci
3239,Marco
3242,Marcy
3244,Maren
3245,Marg
3256,Marge
3265,Margo
3273,Margy
3275,Mari
3276,Maria
3291,Marie
3304,Marin
3308,Mario
3310,Maris
3321,Mark
3325,Marla
3333,Marlo
3337,Marna
3338,Marni
3345,Marry
3348,Marta
3349,Marth
3351,Marti
3355,Marty
3356,Marva
3361,Marx
3362,Mary
3363,Marya
3385,Mason
3386,Matha
3392,Matt
3395,Maud
3396,Maude
3398,Maura
3404,Mauro
3405,Mavis
3406,Max
3407,Maxie
3413,May
3414,Maya
3417,Maye
3418,Mayme
3421,Mayra
3422,Mazie
3428,Meda
3429,Mee
3430,Meg
3431,Megan
3435,Mei
3436,Mel
3442,Melba
3443,Melda
3444,Melia
3461,Melva
3465,Mendy
3468,Mercy
3470,Meri
3475,Merle
3479,Merna
3480,Merri
3484,Merry
3487,Meryl
3488,Meta
3489,Mi
3490,Mia
3491,Mica
3493,Micah
3494,Micha
3509,Micki
3516,Mika
3518,Mike
3519,Mikel
3520,Miki
3521,Mikki
3522,Mila
3525,Milan
3526,Milda
3528,Miles
3534,Milly
3535,Milo
3537,Mimi
3538,Min
3539,Mina
3540,Minda
3541,Mindi
3542,Mindy
3544,Ming
3545,Minh
3546,Minna
3548,Minta
3550,Mira
3557,Mirna
3558,Mirta
3560,Misha
3561,Miss
3562,Missy
3563,Misti
3565,Misty
3566,Mitch
3572,Mitzi
3580,Moira
3583,Molly
3584,Mona
3585,Monet
3592,Monte
3593,Monty
3594,Moon
3595,Mora
3600,Mose
3601,Moses
3602,Moshe
3606,Mui
3607,Muoi
3610,My
3612,Myles
3613,Myong
3614,Myra
3616,Myrl
3617,Myrle
3618,Myrna
3619,Myron
3620,Myrta
3625,Myung
3626,Na
3627,Nada
3629,Nadia
3631,Naida
3633,Nakia
3636,Nam
3637,Nan
3638,Nana
3641,Nanci
3643,Nancy
3647,Naoma
3648,Naomi
3665,Neal
3667,Ned
3668,Neda
3669,Nedra
3670,Neely
3671,Neida
3672,Neil
3673,Nelda
3674,Nelia
3676,Nell
3677,Nella
3678,Nelle
3680,Nelly
3682,Nena
3684,Neoma
3685,Neomi
3688,Nery
3690,Neta
3692,Neva
3696,Nga
3697,Ngan
3698,Ngoc
3700,Nia
3706,Nick
3707,Nicki
3711,Nicky
3712,Nicol
3719,Nida
3720,Nidia
3723,Nigel
3724,Niki
3725,Nikia
3727,Nikki
3729,Nila
3730,Nilda
3731,Nilsa
3732,Nina
3733,Ninfa
3734,Nisha
3735,Nita
3736,Noah
3737,Noble
3739,Noe
3740,Noel
3744,Noemi
3746,Nola
3747,Nolan
3748,Noma
3749,Nona
3750,Nora
3751,Norah
3758,Norma
3762,Nova
3764,Nu
3765,Nubia
3767,Nydia
3768,Nyla
3770,Ocie
3773,Oda
3775,Odell
3779,Odis
3781,Ok
3782,Ola
3783,Olen
3784,Olene
3785,Oleta
3787,Olga
3789,Olin
3791,Oliva
3792,Olive
3795,Ollie
3797,Oma
3798,Omar
3799,Omega
3800,Omer
3801,Ona
3803,Onie
3804,Onita
3805,Opal
3807,Ora
3810,Oren
3813,Orpha
3814,Orval
3816,Oscar
3817,Ossie
3821,Otha
3823,Otis
3824,Otto
3825,Ouida
3826,Owen
3827,Ozell
3829,Ozie
3830,Pa
3831,Pablo
3832,Page
3833,Paige
3834,Palma
3837,Pam
3845,Pansy
3846,Paola
3847,Paris
3852,Pasty
3853,Pat
3861,Patsy
3862,Patti
3864,Patty
3865,Paul
3866,Paula
3873,Paz
3874,Pearl
3880,Pedro
3881,Peg
3883,Peggy
3884,Pei
3887,Penni
3889,Penny
3890,Percy
3891,Perla
3892,Perry
3893,Pete
3894,Peter
3895,Petra
3898,Phebe
3899,Phil
3905,Phung
3911,Pia
3914,Pilar
3915,Ping
3917,Piper
3918,Pok
3919,Polly
3934,Pura
3935,Qiana
3936,Queen
3941,Quinn
3944,Quyen
3953,Rae
3959,Raina
3960,Raisa
3962,Ralph
3964,Ramon
3967,Rana
3968,Ranae
3969,Randa
3974,Randi
3976,Randy
3977,Ranee
3983,Raul
3984,Raven
3985,Ray
3986,Raye
3993,Rayna
3994,Rea
3998,Reba
4005,Reda
4006,Reed
4007,Reena
4010,Regan
4018,Reid
4019,Reiko
4020,Reina
4022,Reita
4023,Rema
4026,Rena
4027,Renae
4032,Renay
4033,Renda
4034,Rene
4035,Renea
4036,Renee
4039,Renna
4041,Reta
4042,Retha
4043,Retta
4045,Reva
4046,Rex
4047,Rey
4048,Reyes
4049,Reyna
4052,Rhea
4053,Rheba
4054,Rhett
4056,Rhoda
4057,Rhona
4059,Ria
4062,Rich
4066,Rick
4068,Ricki
4070,Ricky
4071,Rico
4073,Rikki
4074,Riley
4075,Rima
4076,Rina
4077,Risa
4078,Rita
4079,Riva
4080,Rivka
4081,Rob
4082,Robbi
4085,Robby
4091,Robin
4092,Robt
4093,Robyn
4094,Rocco
4098,Rocio
4099,Rocky
4100,Rod
4108,Roger
4113,Rolf
4115,Roma
4117,Roman
4120,Romeo
4122,Ron
4123,Rona
4125,Ronda
4126,Roni
4127,Ronna
4128,Ronni
4130,Ronny
4132,Rory
4133,Rosa
4154,Rose
4171,Rosia
4172,Rosie
4174,Rosio
4177,Ross
4180,Rosy
4187,Roxie
4188,Roxy
4189,Roy
4190,Royal
4191,Royce
4194,Ruben
4195,Rubi
4196,Rubie
4197,Rubin
4198,Ruby
4199,Rubye
4202,Rudy
4205,Rufus
4207,Russ
4210,Rusty
4211,Ruth
4212,Rutha
4215,Ruthe
4217,Ryan
4218,Ryann
4221,Sabra
4223,Sacha
4225,Sade
4226,Sadie
4227,Sadye
4228,Sage
4229,Sal
4234,Sally
4238,Sam
4245,Sammy
4248,Sana
4249,Sanda
4251,Sandi
4254,Sandy
4256,Sang
4260,Santa
4264,Santo
4266,Sara
4267,Sarah
4268,Sarai
4269,Saran
4270,Sari
4273,Sasha
4275,Sau
4276,Saul
4282,Scot
4283,Scott
4286,Sean
4290,See
4291,Seema
4295,Selma
4296,Sena
4304,Seth
4307,Sha
4308,Shad
4309,Shae
4314,Shala
4320,Shan
4321,Shana
4326,Shane
4331,Shani
4350,Shara
4356,Shari
4374,Shaun
4386,Shawn
4392,Shay
4396,Shea
4397,Sheba
4401,Shela
4414,Shena
4418,Shera
4421,Sheri
4445,Shery
4449,Shila
4451,Shin
4452,Shira
4454,Shirl
4462,Shon
4463,Shona
4469,Shu
4470,Shyla
4471,Sibyl
4472,Sid
4475,Signe
4477,Silas
4478,Silva
4481,Sima
4482,Simon
4486,Sina
4487,Sindy
4490,Siu
4491,Sixta
4492,Skye
4494,So
4496,Sofia
4497,Soila
4498,Sol
4502,Somer
4504,Son
4505,Sona
4507,Song
4508,Sonia
4509,Sonja
4510,Sonny
4511,Sonya
4512,Soo
4513,Sook
4514,Soon
4523,Staci
4526,Stacy
4527,Stan
4531,Star
4533,Starr
4555,Steve
4561,Su
4563,Sudie
4564,Sue
4567,Suk
4571,Sun
4573,Sung
4574,Sunni
4575,Sunny
4577,Susan
4583,Susie
4584,Susy
4585,Suzan
4590,Suzi
4591,Suzie
4592,Suzy
4594,Sybil
4595,Syble
4602,Ta
4606,Tad
4607,Tai
4608,Taina
4613,Talia
4616,Tam
4617,Tama
4619,Tamar
4629,Tami
4631,Tamie
4637,Tammi
4639,Tammy
4640,Tamra
4641,Tana
4643,Tandy
4647,Tania
4650,Tanja
4651,Tanna
4653,Tanya
4654,Tara
4655,Tarah
4656,Taren
4657,Tari
4658,Tarra
4660,Taryn
4661,Tasha
4664,Tasia
4666,Tatum
4672,Tawna
4673,Tawny
4676,Tayna
4677,Ted
4678,Teddy
4679,Teena
4680,Tegan
4682,Telma
4687,Tena
4696,Tera
4704,Teri
4708,Terra
4713,Terri
4716,Terry
4717,Tesha
4718,Tess
4719,Tessa
4721,Thad
4724,Thanh
4725,Thao
4726,Thea
4727,Theda
4729,Theo
4739,Thi
4744,Thora
4746,Thu
4748,Thuy
4749,Tia
4750,Tiana
4752,Tiara
4753,Tien
4754,Tiera
4764,Tilda
4766,Tim
4768,Timmy
4770,Tina
4772,Tiny
4773,Tisa
4774,Tish
4775,Tisha
4776,Titus
4777,Tobi
4779,Tobie
4780,Toby
4782,Tod
4783,Todd
4784,Toi
4785,Tom
4786,Tomas
4789,Tomi
4793,Tommy
4796,Tona
4797,Tonda
4799,Toney
4800,Toni
4801,Tonia
4802,Tonie
4805,Tonja
4806,Tony
4807,Tonya
4808,Tora
4809,Tori
4810,Torie
4811,Torri
4813,Tory
4814,Tosha
4817,Tova
4819,Toya
4822,Traci
4824,Tracy
4825,Tran
4826,Trang
4830,Trena
4831,Trent
4833,Tresa
4836,Treva
4838,Trey
4840,Trina
4841,Trinh
4844,Trish
4848,Troy
4849,Trudi
4851,Trudy
4852,Trula
4854,Tu
4855,Tuan
4856,Tula
4857,Tuyet
4858,Twana
4861,Twila
4862,Twyla
4863,Ty
4866,Tyler
4868,Tyra
4869,Tyree
4871,Tyron
4873,Tyson
4874,Ula
4877,Un
4878,Una
4880,Usha
4881,Ute
4882,Vada
4883,Val
4885,Valda
4898,Van
4899,Vance
4900,Vanda
4904,Vania
4906,Vanna
4912,Veda
4913,Velda
4914,Velia
4915,Vella
4916,Velma
4917,Velva
4919,Vena
4925,Venus
4926,Veola
4927,Vera
4928,Verda
4933,Verla
4937,Vern
4938,Verna
4952,Vesta
4953,Veta
4954,Vi
4958,Vicki
4960,Vicky
4964,Vida
4965,Viki
4966,Vikki
4967,Vilma
4968,Vina
4969,Vince
4975,Viola
4985,Vita
4986,Vito
4987,Viva
4988,Vivan
4993,Von
4995,Vonda
4997,Wade
4998,Wai
4999,Waldo
5002,Wally
5006,Wan
5007,Wanda
5011,Ward
5014,Wava
5016,Wayne
5017,Wei
5019,Wen
5021,Wendi
5024,Wendy
5027,Wes
5036,Wilda
5037,Wiley
5043,Will
5044,Willa
5059,Willy
5060,Wilma
5064,Windy
5073,Wm
5074,Wonda
5076,Wyatt
5080,Xenia
5081,Xiao
5084,Xuan
5086,Yaeko
5087,Yael
5090,Yan
5091,Yang
5096,Yee
5098,Yen
5099,Yer
5102,Yetta
5104,Yi
5105,Ying
5106,Yoko
5111,Yon
5112,Yong
5116,Young
5117,Yu
5119,Yuk
5120,Yuki
5122,Yuko
5124,Yun
5125,Yung
5127,Yuri
5130,Yvone
5135,Zack
5137,Zada
5138,Zaida
5139,Zana
5141,Zane
5142,Zelda
5143,Zella
5144,Zelma
5145,Zena
5147,Zenia
5149,Zetta
5150,Zina
5151,Zita
5152,Zoe
5153,Zofia
5154,Zoila
5155,Zola
5156,Zona
5157,Zonia
5158,Zora
5160,Zula
5162,Zulma
