term,
PM,
RH,
YOLO,
FD,
BTFD,
DD,
GUH,
NOW,
UK,
U,
STAY,
HAS,
BY,
RIDE,
EOD,
ELON,
WSB,
ROPE,
YOLO,
TOS,
CEO,
IT,
OPEN,
ATH,
PM,
IRS,
FOR,
EC,
BE,
IMO,
ALL,
RH,
EV,
TOS,
CFO,
CTO,
BTFD,
WSB,
OK,
PDT,
RH,
KYS,
FD,
TYS,
US,
USA,
IT,
ATH,
RIP,
BMW,
GDP,
OTM,
ATM,
ITM,
IMO,
LOL,
AM,
BE,
PR,
PRAY,
PT,
GOD,
NOT,
POS,
FOMO,
TL;DR,
EDIT,
STILL,
WTF,
RAW,
PM,
LMAO,
LMFAO,
ROFL,
EZ,
RED,
BEZOS,
TICK,
IS,
PM,
LPT,
GOAT,
FL,
CA,
IL,
MACD,
HQ,
OP,
PS,
AH,
TL,
JAN,
FEB,
JUL,
AUG,
SEP,
SEPT,
OCT,
NOV,
FDA,
IV,
ER,
IPO,
MILF,
BUT,
SSN,
FIFA,
USD,
CPU,
AT,
GG,
Mar,
Boom,
bro
wow,
ui,
pump,
cuz